{
  "初始資金": 1000000,
  "最終價值": 438370344.52865547,
  "總報酬率": 437.3703445286555,
  "年化報酬率": 1.071418836265884,
  "年化波動率": 0.47163572852788993,
  "最大回撤": -0.5914697328042144,
  "夏普比率": 2.229302770482769,
  "交易次數": 125,
  "勝率": 0.7377049180327869,
  "回測天數": 2105
}