{
  "初始資金": 1000000,
  "最終價值": 19156968.464777373,
  "總報酬率": 18.15696846477737,
  "年化報酬率": 0.7066535408641599,
  "年化波動率": 0.3612587946205546,
  "最大回撤": -0.39959176486173825,
  "夏普比率": 1.900724774286481,
  "交易次數": 111,
  "勝率": 0.8181818181818182,
  "回測天數": 1392
}